Nombre,ID del producto,Precio,Categoría,Imagen,Activo,Destacado,Artista,Stock,Descripción,Notas internas,Trigger Make
VINIL KANY GARCIAS,DV00001,"$161,00",DISCO,DV00001 - DISCO VINIL KANY GARCIAS.webp (https://v5.airtableusercontent.com/v3/u/54/54/1782345600000/3dx-E4LKlegJkWZfd6pIkQ/P7Ap1w-krkl8z4oG26rYp_rXIa6WFta-eX1KE31CbtHeKgeRWNQOGu5XPv86ZAAfYpkAchNmwfNciu9dSU44VfV9caGS3aVxvz6ccdpJvbaHqHjg9q-UJLssvLD4piPHbziMglga_De6B8pN24PfEw0HDaZk6MEvHLKs43icDqwofp2id7yl0U29EYrd0z_u/Oob2B0Oxw79SDZiVNURe5_U8lEjhayP57Z5mY2FClSk),checked,,KANY GARCIAS,Disponible,,,24/6/2026 4:23pm
VINIL CAPE DORY TENNIS,DV00002 ,"$80,50",DISCO,DV00002 - DISCO VINIL CAPE DORY TENNIS.jpg (https://v5.airtableusercontent.com/v3/u/54/54/1782345600000/GjHVEfopJbGIhJVD4L9Whw/akGjPV5qf7v_EvZIiGmWayps50-m5Fr_dBib-EhjuCUyzLmnIbrDISBrzuEAtekLpEl8_08igWsoAYPYi-3YZLSklRfIcso3qBxugHy2_ajyzE_iVCgXFY5bQ3mSw1KHGzymy0lGzYsNbNKu5_DaJdE8Nei0bT_r6fEnAB2zMNrIIKuRUObttws4ZXucJwRr/2C3wqieGpU60loNnB4dv_wnFVBxkvYh61sh3I7y0UO0),checked,,CAPE DORY TENNIS,Disponible,,,24/6/2026 4:23pm
VINIL TEYLOR SWIFT 1989,DV00003 ,"$80,50",DISCO,DV00003 - DISCO VINIL TEYLOR SWIFT 1989.jpg (https://v5.airtableusercontent.com/v3/u/54/54/1782345600000/h-e45JFSDufWJOWbpTX0DA/xpm8Pggvn7ezKrZQDz0WRv_JPYlVtDnZS1nzlyVzqqm2qqJKII4Fv16jg0Xq5EcmYPlENktuXRHtnd0r2wVUGbhFDTqovJTqDXIN0NrJ1UcWhnM5p5Y0R4VpjwIEkzpejW3NKKQVpKICCWhrkgEziACjyUT0QHXmPCk3OaIC2VYtEX0F-ojcuidzWoJ7ZvQY/hFBpaLe8-tm7LE474dnelGcg1l05BgYT0xnhA_mlWr4),checked,,TEYLOR SWIFT,Disponible,,,24/6/2026 4:23pm
VINIL TAYLOR SWIFT THE LIFE OF A SHOWGIRL,DV00004,"$92,00",DISCO,DV00004 - DISCO VINIL TAYLOR SWIFT THE LIFE OF A SHOWGIRL.png (https://v5.airtableusercontent.com/v3/u/54/54/1782345600000/KOw-Li3A_NGVtEJ_wmmZ7w/WFpLy8ObUacZA-QGU1xGZ7AEv16fFllwwpVDLnltJ7WGEXc5LaocGbJZSSRePpz7QP-KPdCvZBNfCiGcfnryn85kGTXVZeuTy4weZnj-mc6OJsKsTllNg2wG8klB4tEEbaj0hpzaD8uhL9zSk5Hp6vimQvVL9XYo3-HfhCNSCIl7Drg0k6DYvm9HhDjTP0ThaYBEr-DsKdv-0AQqk3TPAw/4Ax951h4UeZeNdBH9LuljGcDO6rahFXkqgeM1BRUCe8),checked,,TEYLOR SWIFT,Disponible,,,24/6/2026 4:24pm
VINIL SYNC,DV00005,"$92,00",DISCO,DV00005 - DISCO VINIL SYNC.jpg (https://v5.airtableusercontent.com/v3/u/54/54/1782345600000/4ydUMJK29ceNv9LGFHjQow/I3nf37aQ1092GoeRzoME5LHkE6qjpf7niFF9uLXIfnvIcXYchm1PX_UUSFYE_HHRnSPcopSdP7E7KanqHFw7p53QmF3lL1YDh7w6fff3MRC0ueCi99wYhDXbqPZYJilfaRJnfEMMrC1Ekr7JKJe-nF2XHb7gLtlS8ETLaZai1BekjsaOrZiVlzms52PM8fp1/QnBZtqja513t-OjROWFjZq-40jTwBJDo3R8lH1NVDqI),checked,,SYNC,Disponible,,,24/6/2026 4:26pm
VINIL SHAKIRA DONDE ESTAN LOS LADRONES,DV00006 ,"$85,10",DISCO,DV00006 - DISCO VINIL SHAKIRA DONDE ESTAN LOS LADRONES.webp (https://v5.airtableusercontent.com/v3/u/54/54/1782345600000/9Vpf5XAxh17fSkFevZQIoQ/hXDeJXHmkXb_uKude8dWF0CuIqOWlxmqc4pRI2-z2wIDnBNsCaFatW6roQmpMg_w5pHeLHvLvHXdb8wn7ohpmlQYNCTktOVFrPeUUUK5cST-FHSHR0qSfMErF2ouh9zVYBvcVvyIuLNyk59Xn_f8gNDSmR713hoV-Nw0gvl1s5k7BdopIz6r4Dd9fkF86q7iMR-aOiKePKG4h3xXOiUOvg/Ladoeig6NmuGjHYal4wqoYYxj6lv51jDsWgcAEuG2-U),checked,,SHAKIRA,Disponible,,,24/6/2026 4:26pm
VINIL SHAKIRA PIES DESCALZOS,DV00007,"$85,10",DISCO,DV00007 - DISCO VINIL SHAKIRA PIES DESCALZOS.jpg (https://v5.airtableusercontent.com/v3/u/54/54/1782345600000/OcKbtbJvvecSMMhaOKe9lA/c_LdZZs-5fPR6p9TuFpTPWQxUNGAJLRhQRoW3QswqM3bHHi9pzUeaafPCcNTU6pkRWbZS4we38HBHrp4dbpLCJL6FPAwOrygWv0kkhMGyxNXL55nW5vFOXD3WeWfsI4522DeZrJVocEGmJrUFcJpG-Cy0Ps6SWXFq6EIFgn5GGs6Jb0Mw8EMD1H5Zp-u4vXiYz1ch6ighKS6hRzRqeRY_g/swaufeA405XsO9kjUTkJw4Bqwde7g2l8zKl16OtYak4),checked,,SHAKIRA,Disponible,,,24/6/2026 4:26pm
VINIL BRITNEY SPEARS,DV00008,"$75,90",DISCO,DV00008 - DISCO VINIL BRITNEY SPEARS.webp (https://v5.airtableusercontent.com/v3/u/54/54/1782345600000/cOH0D6KIyr4R7HwOfy5hPw/UARp4Molw-qdvpn_NKm6fvmqgNHvGaW4OU-ZyP5ZuLKCF7jn-skxWQQaggCqvEIH17fDC_DfyaLBQuVwJE9wv_cT0G4bPE2-c59x3xOo4-eHGUnw7QGT3dMe0ikJGmtQhblLQnG1VFNf9ke0jqNhg5XITzBd8yNvqIMjD0ewasVqqdUIfBpLLvk1YyEVPFel/Q9ZGIgxjzc1ykCH_3OzMNplMavJSgSl3T7SsSIk0KI0),checked,,BRITNEY SPEARS,Disponible,,,24/6/2026 4:26pm
VINIL NO DOUBT ,DV00009,"$85,10",DISCO,DV00009 - DISCO VINIL NO DOUBT.jpg (https://v5.airtableusercontent.com/v3/u/54/54/1782345600000/Ypim231MvYRJTlDPhE1gDA/zwMs5wIIWUdk7h6LSjCnX1nUNMQmMzXGndbnehQogdfkMO0LRkjWfeua5vKfvR24IdN4HHHBsEhkxA2kGLzGVWxwupcThtTVA_XtRcyH7LaEzt57xyRf0wjs2A5UNTKzfzW86sA87TmjwyIkK2VcgTajzvpMEsFIZtXSpwEIykjzSmH4pyu-RtQ6YMRlY57R/6u1YdMI-BqQNNCVbrZORoEuVXy0B_bBAGD2K6cX-yw0),checked,,NO DOUBT ,Disponible,,,24/6/2026 4:26pm
VINIL BACKSTREETBOYS MILLENIUM ,DV00010 ,"$140,00",DISCO,DV00010 - DISCO VINIL BACKSTREETBOYS MILLENIUM.jpg (https://v5.airtableusercontent.com/v3/u/54/54/1782345600000/30fn6pjv5xHrivUDRcwK-Q/p8jsTylOSqKzXTMpYFWHUROjIALHw6piMiClChaCXBf9s1Pln21aoPbdZrRg8ykUhaSVsn4Bos1AWoSV2-TT7eHPy8mZ_TQSCMFDLJxL5g76R5yH2k6Upx-xyf2vMEAIgs3EnR_hPae0zTVuSx3bu0imjRpVZCHid7LG8ooieggY1wdJAClNaDjHkHY-WliqZRFDfpKSoDHlKPc7YldhCA/02WaNM-UvshEkr3T_S1s6odOlxm9pmRqeOACbfJeEYU),checked,,BACKSTREETBOYS,Disponible,,,24/6/2026 4:26pm
VINIL GUSTAVO CERATI BOCANADA ,DV00011 ,"$92,00",DISCO,DV00011 DISCO VINIL GUSTAVO CERATI BOCANADA.jpg (https://v5.airtableusercontent.com/v3/u/54/54/1782345600000/jU0ZLgLqLVj_mmYwxz8UgA/66aK1KrIMw34RLijS44yg7x7Tnho0ROp8Zf83rmQWGRVI6TYPDS8RVQua9z9_BvyL3lscroTkwW3biyeQDGn31MblHbMWlM-Hi5HWoMM1iSzgXBsjNstan2XCHW80pcI--fTzSWj3c2dmAUNX9XX3wXUyUkkReZjR2lsX84dPRm0NJPWHeMakfgEXrXCHZTGqYX6lqqFtZVh1L__6KcYcA/-eVCwG7EskjSz_4pU9-vzli41BgM0cX4UAOBuOwhSZs),checked,,GUSTAVO CERATI,Disponible,,,24/6/2026 4:26pm
 VINIL SODA STEREO CANCION ANIMAL ,DV00012 ,"$94,30",DISCO,DV00012 - DISCO VINIL SODA STEREO CANCION ANIMAL.jpg (https://v5.airtableusercontent.com/v3/u/54/54/1782345600000/-luUwCKlJPDX1XMTmWGo3A/5e8ulebGlPXKoGOCKplBaNtwvUVHFYbSq-UCaKXNo9ibxTx_zlc6TK6428g06sr2kNBDfAPb8BcKg9xtgX7wRMZif8L-932qI14w0X2MqAJapMtrEwxptaBMA_ZHrLzW1xuvWwnqyKiqTgnkZM6at72Z1Q7yH2xqGwzVza6EAlPJCdbTImL-puqrrm11x9ZLURMZcOYDNb4axRU5XJ9n7g/Uf7Lq-f5oSM7jQrQ8oa2UrPCZ1m_z9wmJI-JlsD0K0s),checked,,SODA STEREO ,Disponible,,,24/6/2026 4:26pm
VINIL SODA STEREO DYNAMO ,DV00013,"$135,70",DISCO,DV00013 DISCO VINIL SODA STEREO DYNAMO.jpg (https://v5.airtableusercontent.com/v3/u/54/54/1782345600000/1c6jDG0RQNtCelEnqmeIrw/jwUr0_C_BVL4WzQrYmqJPTuPGGFmmJj6YG5eULLGCXyhtnu-Nr-epyT4I9gFBHAi4haFd_J47FSViqpX3gG613K_vHot2uKH6AUmV_2kQp2a-RXmdgq51zRt2EMG3yB1CWlYUGxe7UQ_OZVLWrHyvkwwHebcV1V4-JVR64TIcxa0HJXa5zPGEFIaeBvUKGk-/PQPyuiGuyBaQUh2-mOUMSkdOxBecMgO7j0X9JIEO3T8),checked,,SODA STEREO ,Disponible,,,24/6/2026 4:26pm
VINIL SODA STEREO DOBLE VIDA,DV00014,"$103,50",DISCO,DV00014 - DISCO VINIL SODA STEREO DOBLE VIDA.jpg (https://v5.airtableusercontent.com/v3/u/54/54/1782345600000/Bfb6X6TvWLzH4KSmEamGNw/nwtjAUF-9g84rE5bjFuYqjzwr0ObRa6oheCSAHvSHS-L1H06omdw461R24iHS4fzZeTmNdDVWsLjKrnkCmclHxkMHk-34Ed-JBRmf6E8sZu0svWBe7me5_sQdHSPvSurYfPyDzYrGsVjl7zBklI2MKpYOYsaVNDjJWhXO1kZqsvEL3J1GPX_J6Rsw_5hytbn/ypz4CmjaQY19o7eb-w2A37QW5wp1BN4KHg6qAeE7MZg),checked,,SODA STEREO ,Disponible,,,24/6/2026 4:25pm
VINIL SODA EN VIVO RUIDO BLANCO,DV00015,"$105,80",DISCO,DV00015 DISCO VINIL SODA EN VIVO RUIDO BLANCO.jpg (https://v5.airtableusercontent.com/v3/u/54/54/1782345600000/sH-blXErim-6DxAkrK5neA/B6vp3ObdrkvP4PkYOC5kH4MGDwqk6hyEwCPNZi_2pSyVsbtymvwTykTL4SgvhpTjaPANBpNkV6QOYrjQSmUsqdLwLTnd1fsHWJGLKAZ_b6XvvJnoS0k3IROpsB2c4Rni_QHCv32OUKdJv3qNrB3LzdW6PAy-hQDfHmH4WkVb-DtEl75VTP04vk85x8zwvnHPZ0tB5hHs_IN0DDh_6Rhzqw/3alzBjROpvti5f1LqGsoDSkbVMO0gdIqWVxiW-VEu50),checked,,SODA STEREO ,Disponible,,,24/6/2026 4:25pm
VINIL LUIS MIGUEL ROMANCE ,DV00016,"$80,50",DISCO,DV00016 - DISCO VINIL LUIS MIGUEL ROMANCE.jpg (https://v5.airtableusercontent.com/v3/u/54/54/1782345600000/fyVvyaaCgGTQzp_zA8qkMw/x07pqhd6E3l1fkl_8WdBoo0Rpd0CEDnd1jh_OC69H-nzuzo2ILw8LUTGkRp37hreskLgGFXi9OsGQ2wc4BuIh1T0FVJMh9gvvIYDt2bhdgWj9cFh2bkm8EHiHYv6h36e20ZiZz9t3aH990m5JGCiP3HqOBjE0TGSZuLkOrUg7OT2aIRz0kFE4_Mtn02ybVSV/-F-_dmF2awbfo_OTr46TamuZ09n_ic9fhJq43TF2CIs),checked,, LUIS MIGUE,Disponible,,,24/6/2026 4:26pm
VINIL DUA LUPA FUTURE NOSTALGIA ,DV00017 ,"$80,50",DISCO,DV00017 - DISCO VINIL DUA LUPA FUTURE NOSTALGIA.jpg (https://v5.airtableusercontent.com/v3/u/54/54/1782345600000/Xuzvrsee1tIc0BWxLNcjcg/WPdlVHYVFoxYNwB_9myu-UlHhDqkDgiQXM8YA2zm_zvIP3z-c6w_I9rCvyz-WafOTqgSwUHDW5MX9Cqa-h1gTYISlYU4ma6WfbDImWG0R7LnZOoiRnEEfXkirMC6WVCZycx4aCbh_y50qgnhO1B9ANqyvJyIkx6nCMSon37s05KH1r2bhzwkWqkCyRhZaRq5GuXSCdEymRu-ZhN9iUbpcg/pJr4qaEcjw8t7afhWqNnzYh2DyiPaEHhyA0pk5svCH0),checked,,DUA LUPA,Disponible,,,24/6/2026 4:26pm
VINIL PINK FLOYD THE DARK SIDE OF THE MOON ,DV00018 ,"$96,60",DISCO,DV00018 - DISCO VINIL PINK FLOYD THE DARK SIDE OF THE MOON.jpg (https://v5.airtableusercontent.com/v3/u/54/54/1782345600000/elfjIBl4OHYt8Nqiy0SHYw/sVIBC4ZtyJlSogKYchy1iM19BbqKDIJvjEvv9P5Mbfh7_jEPfk0ptHeGKzn6OV0OfMhx53OUbu07h78Y04l0ceF6WShFRI_YGFh3jr0M7xFDdVswd1rBFTz4ZltuyD5clKexqBt-3IMU_76mVKIEJlWKYgTdQrvVlgafiL8CqTnMbPUAQRau10ETuydpsfbSaZK_7gihNTMNA5DgJryqlA/gelMzufBBDNvDHd30ZZwhoIpPmllB0tT7Mbmu4y8fVc),checked,,PINK FLOYD,Disponible,,,24/6/2026 4:27pm
VINIL GREEN DAY AMERICAN IDIOT,DV00019 ,"$66,70",DISCO,DV00019 - DISCO VINIL GREEN DAY AMERICAN IDIOT.jpg (https://v5.airtableusercontent.com/v3/u/54/54/1782345600000/jqBjkz-AfALku7USTsm8Ew/0h3_39YApDqSf_OnUWIYu2aT1umMO_bGH9F-_LZ0JmzMEFkgiGYoASG1cRS3g-Pandhjq_9FVmliMzD2RNA_Mak8bqXTSGKXyyA76ZLrF2pF03YpfFOcl172BIeaVpQczElHvCapdaDzJ8z1Z4fEe6Mo16ZHDhxUU_QPiMis266I_s6YSpsmchcS5Ep1XTinzQX4qY3HlC4FCovAbvhvfA/TZ9-pbAn7zw5S0v4X9muwTWC9EEH-36Qmjr7Sxs7jwU),checked,,GREEN DAY,Disponible,,,24/6/2026 4:27pm
VINIL ACDC BACK IN BLACK,DV00020,"$78,20",DISCO,DV00020 - DISCO VINIL ACDC BACK IN BLACK.jpg (https://v5.airtableusercontent.com/v3/u/54/54/1782345600000/BSmAiRLIvQsGDbPpzdDG4g/RNHsDrulXPaoG6hGmDbnxRZVkgxsGstbhxXKYdOw1iDNTp4RvGXCDRX7gSUTXXsEK8GKSR1QFQ-nnLpr9MrxYGWlR3mpup-ZQbRT9etTh0SCnSpCVw88TPRJZCt_k_tW1um5p6RDjLzgtenbOpm9OdgLTl3sWk57oq50pS91XGFWrFPSgEWI8V2yEa8gerFK/A2tGrQdbM3CpZF6LPngtIn2Thblolt-8-T1YDzd_W9g),checked,,ACDC,Disponible,,,24/6/2026 4:27pm
VINIL QUEEN GREATEST HITS,DV00021 ,"$112,70",DISCO,DV00021 DISCO VINIL QUEEN GREATEST HITS.jpg (https://v5.airtableusercontent.com/v3/u/54/54/1782345600000/uplevkMZxSxlZv88Lu1oxA/GewptzS9M37WadWN2jCleGRA-EN-TJIhfc6jowvStVkodOYRpvT92o-hkVaiE5Qmzq_XHp8kY-r5AarnLghmqI8bWoLy_2itQdmsDsgT1TU6vH__TV8h6L77tP3aB93q7NaeKLn7sWjzIq3IBGfQqUE2zN9numc954e7_rQozXFxcKVrIM9NJQX1Pi0qX7Zg/1KW__lmv_uzClggniUBZGWlkQVeXhieLpLskdKYyIYE),checked,,QUEEN,Disponible,,,24/6/2026 4:27pm
VINIL AEROSMITH GREATEST HITS,DV00022 ,"$85,10",DISCO,DV00022 - DISCO VINIL AEROSMITH GREATEST HITS.jpg (https://v5.airtableusercontent.com/v3/u/54/54/1782345600000/GR5pKIBjXknTLHP4cyM_hQ/iAiFczCnSKkpjgF69eBawr2f3Bj66Mqq5jYQpTKe-VidOVa9oEvG-XqiL2oWsBvjXEIVkdx0Ymq9dV8iejYVfY6Pweek5CZMxj_d0vJFYS1QnXrRTI9TjL_jYFZsNKCAjNenu_cSEYEzzIgudhGBkFyaDGbbyUfPyu_AQSvJtH3UzQxGOSrkzyHkxP6xTmZP26afbT-ZC7h6D8WY3j2Ztg/xsmE0eJj9KWAHVhfZ_hTt2rUS-Lh65sbnXh1omYDdUQ),checked,,AEROSMITH,Disponible,,,24/6/2026 4:28pm
VINIL KAROL G TROPICOQUETA,DV00023 ,"$75,90",DISCO,DV00023 - DISCO VINIL KAROL G TROPICOQUETA.jpg (https://v5.airtableusercontent.com/v3/u/54/54/1782345600000/gIw0GbNExIvIYhei0LgtPw/y3HSpwfJcpuvQnPWOr9UQH6hD2R7KWdIGng7az7CR3MW0gYUJvQkv1hrR_jCp4D4isRHRfrDd06NcdGUN2xWbh7cbmSuBU-WyIiQMtAolS3oiVe9Qhsd8kfzvEr7oGeAhPR-ccpxnVikHXlsb57eI57YeRCGUwxDe7iEfl0_pfKaIvlXEOfirmRP_I4eGrp7/DBcvetGE1fIM13cWoE4O2Khk1DXNMbXN70CLe-kDe1A),checked,,KAROL G,Disponible,,,24/6/2026 4:28pm
VINIL BOB MARLEY LEGEND,DV00024,"$80,50",DISCO,DV00024 - DISCO VINIL BOB MARLEY LEGEND.jpg (https://v5.airtableusercontent.com/v3/u/54/54/1782345600000/QbrzrTivxT_HdODh2GjArA/DQ1RqD_yOpPq_5K7JWVnlRdqcq06e2V72me1kCaWJXjtIE4gDL0dkqCBWeX4tQIq_FLos2IEOHPgCmECDe2ctEs0ZCBmuhT972F2HDqa_LFavRh_obqqHuPp4dWF50MmET0eT7ynLrLSHUscaAQ5xHCAKZmUlDDS4lDHf6NZoCwWhuAIYzoqj5uI4ELtmQG9/QGHBGdtSt53krs7m4djWgVqBQVnrohM8YLru7sj0zRQ),checked,,BOB MARLEY,Disponible,,,24/6/2026 4:28pm
VINIL GUNS N ROSE GREATEST HITS,DV00025,"$108,10",DISCO,DV00025 - DISCO VINIL GUNS N ROSE GREATEST HITS.jpg (https://v5.airtableusercontent.com/v3/u/54/54/1782345600000/oU2N00W31ucmezlS8bnOLQ/yExSvpfQVmPwUqrfESbv-E6FZ59hHLs1V_nb4IzCS2KiWK84chlvJLI2KbS4egmrXMcCai9Yt5HgHrevPaRpoXboQ3845jUD_kDtc2tcCZHIJvE6EdaFy1Lwrdq7bB0_DgElVsIFbSDeur30lsT_qrycr50HIGsEA6UUd7bQpRCVQH6t7CY8PL1E9v_Ygz-Xgwb9WnFzmKrvNF7DVtbOGg/1FtOjyIg-Hsg61AmWX9sakrXATUFQ6fZjtfsHFBYMtY),checked,,GUNS N ROSE,Disponible,,,24/6/2026 4:28pm
VINIL MAROON 5,DV00026,"$92,00",DISCO,DV00026 - DISCO VINIL MAROON 5.jpg (https://v5.airtableusercontent.com/v3/u/54/54/1782345600000/UwB1rv4ZdCQueZ_6XJ8i4A/i0pJpjVqedaNqvhWvdsiytyI3MXmKRc8oqU1-H4sSAerbGghRZrH5I8zuuW5vAbhuerphgbNFf5rnZw9izwqZj9ws67TKI1CQwbJNOMOLU3wpNdjbGIwvBXgef34ii0w7DMKA3CEpXNfua0tPWkhPEYNhUz9ZLh9Y45jCQHDvjZFErAYc0JDt79rzjOizeC0/bVaVB0TYR0Wqyn8AiE8kIuNt5LNNEzDxx-sIDIAVA48),checked,,MAROON 5 ,Disponible,,,24/6/2026 4:28pm
VINIL DADDY YANKEE LEGENDADDY ,DV00027 ,"$64,40",DISCO,DV00027 - DISCO VINIL DADDY YANKEE LEGENDADDY.jpg (https://v5.airtableusercontent.com/v3/u/54/54/1782345600000/dM56EHDaI_IWbjU-RDSKmQ/NoojkTov402e0CMV0HQnTUxI60el6-Ump_nK0BIEcF8jtzAW3cAFwosvl_hjVudnulIZKCKQgagvjQvjeucE19RjTpW-wxK7peS6ZdmQzOnIbF4v9nrS7h2IjQ1CTGjNSi6bmCDy9fD64HpBEvrfUKbu8GN0MMD_vD1WkBcuw6rh-zCkMgz3PdfiIKha2U0zrKBByQjj-dmsumkoU_F-kg/xBMOliQL1E0fM29LPdXFxzWzYp65MQTTEuXtsREJ9FU),checked,,DADDY YANKEE,Disponible,,,24/6/2026 4:29pm
VINIL MICHAEL JACKSON THRILLER ,DV00028 ,"$69,00",DISCO,DV00028 - DISCO VINIL MICHAEL JACKSON THRILLER.jpg (https://v5.airtableusercontent.com/v3/u/54/54/1782345600000/_mT5tYbw9QXSOddIpoUVvw/Cq09pm0_arEgiKX4Qj67ZTRioV-x4-A-jqirLVCK6VYlPqcjx1nqfTFuIk7BHEm8g0POCWt6Nep1kAvBG2hIg8oTCPzkWmDpvmoBXMlGylaLrLBM3YmlGImffG7YDNrd9vOXK8Rb6mqecHoWAswBwYl21LaacNpteglJD8t7tCX8xPyt3ELrseNGaogqUgtSEvL7xY1l4E__1tae0atYWQ/gZfUDaaR_luDnW7uPR-UCP5rpXySVRsovQfmsj7eYsY),checked,,MICHAEL JACKSON,Disponible,,,24/6/2026 4:29pm
VINIL AMY WINEHOUSE ,DV00029,"$87,40",DISCO,DV00029 - DISCO VINIL AMY WINEHOUSE.jpg (https://v5.airtableusercontent.com/v3/u/54/54/1782345600000/PQbchrXEHW7qEzyzDFGYTw/75pGex77BCUc9YCPr3cFSEh4brGhqyMjIDSKvpTbttxUziX9KVFM166Q8ZM9vLiz2cGeMCMG8_fVU3KDoZJXzCBNODZ7X25xdxTBg7s7MStzpdZP9umNSGtKT1Kzle9VTAOsQ0oD-18UORVnd0hcfowNN7jSmidrB1ufGdMfJphz01RzW0DYJPmRK9SLpXqA/f5Tv7-S1vZoM-lYYOyNblJ2dgM4_PVO80jIAvGeD84I),checked,,AMY WINEHOUSE ,Disponible,,,24/6/2026 4:29pm
VINIL THE BEATLES ABBY ROAD,DV00030,"$89,70",DISCO,DV00030 - DISCO VINIL THE BEATLES ABBY ROAD.jpg (https://v5.airtableusercontent.com/v3/u/54/54/1782345600000/wZT2CeKvL1YeJPvZMtrUTw/6yzImYDZCOiwi2jgwgeyJPgSqkFfkZxmKv9JkmWShmgVi69nnBKTsnUyfNHiEDFTBtJMfg_TNSEwiGQJ4RHEiL-0PxlboG07s0KFvVzVbpi3oWOqe-v2Ux6oVXEMyrH5HoZ1jFCuB71COxEV0rr4_1d9EaCzfC4ryQI2KG-O4MEZki8rK_338KRxmytoh0ZO/KHcwQgoLl0FVakFg3nKZU9WluDP3s3CtjIbFDS05jlQ),checked,,HE BEATLES,Disponible,,,24/6/2026 4:30pm
VINIL SYSTEM OF A DOWN TOXICITY,DV00031,"$89,70",DISCO,DV00031 - DISCO VINIL SYSTEM OF A DOWN TOXICITY.jpg (https://v5.airtableusercontent.com/v3/u/54/54/1782345600000/MgENNWPJtHX-j_ivRLo5eg/7Om0bM8UwL2I6SPPO8F_jBP6fpqVzs4dmfG_i9BpAx0afGQ3TQB_8mi9bni_P7M1hU8LTIOaUDBRdkPDdHJBzzRq7TVFzkuXZ9K78Zxkx5m-5dSECNSRjnXf_dilzDvl3-RV7VpIIn4fliCiZJg8YxjmkYKj04xAaBPn0hhl8rUb74ZmP25XffhuigUKnsDMYaeet1Rh7wvuyCV9wZswXw/dzNxNeV21GWyClPkC2jUTR2mOjQ06lnJSvWRMUBfvdg),checked,,SYSTEM OF A DOWN,Disponible,,,24/6/2026 4:30pm
VINIL BAD BUNNY DEBI TIRAR MAS FOTO,DV00032,"$103,50",DISCO,DV00032 - DISCO VINIL BAD BUNNY DEBE TIRAR MAS FOTO.webp (https://v5.airtableusercontent.com/v3/u/54/54/1782345600000/-S8zXE49ZYP3LKwPbFyumA/CoI2pCCT8aH3U2_qJ65jyZr59OdUNfylYstxQknzPEkqzDgrTtWxJjvqvZLADwrYF_DJl9_fikRHv7WtdyixUr1-S28PhWJvmr-C0q7cs86mw9EUz-8Wgwg_sp_o06dR3ltLeaLKDlUAKFv1gOioCmnwUXbonHExf6Y4wS47aCaVXHUVygl2YabWcxHNUal0dcw1bVh5zbB6VwFvet2_Ww/BxUVgAwSFOK_qACOoQkrtXpFSBFmuEC8gDlPbmI0xM8),checked,,BAD BUNNY,Disponible,,,24/6/2026 4:30pm
VINIL BON JOVI SPLIPERY ,DV00033,"$92,00",DISCO,DV00033 - DISCO VINIL BON JOVI SPLIPER.jpg (https://v5.airtableusercontent.com/v3/u/54/54/1782345600000/JPD1hLCcFwc68Ux_IszN-w/DkoyzXaHaeP3yZ9gNdJYSsoPoRh08yrTOLHxTsozc65GJUqMKkqEji5k0Kbj4OXm0Fjzsla3yVDTvogx7VekMrG7eVnE3tGyj9H_ZIANQFnr1OL2dFQoM0XgP58JXpYB_Gxufy8c18B8kC_uN6E6YG0aMsjLFyDgIl1g_7PAgEgCXerzua013rTR7iy9yg3s/7nVjiPmhSqaOP1zTatKKI4tp07_uc_cdUyK5oeU9STk),checked,,BON JOVI,Disponible,,,24/6/2026 4:30pm
VINIL RED HOT CHILI PEPPERS CALIFORNICATION ,DV00034 ,"$80,50",DISCO,DV00034 - DISCO VINIL RED HOT CHILI PEPPERS CALIFORNICATION.jpg (https://v5.airtableusercontent.com/v3/u/54/54/1782345600000/MrgbFHZwkgluLnH3GWqFBw/n0lWG943YaezOVR2faYIeJL6FZHbuXtbzGK6d3MaTYckZSL5_JGLhHgzVO9BLf1fq5iTV85orFziqRgUVEE-V8DJt5mldp-VxCKGwpFf4qn1V-7ip-rgoM1ytbfScv8e9s2Pwlhalcl_WCkQkooMSeUAYNGQatxvSjS6QRna00eszLszNmwms0Jhv6AWaUQJx3jy6-5ixxS10UqKk_dbJA/g6oMUU3R-n8QqTFquSGk9UCMuhpuaGM35hH29_3XCyQ),checked,,RED HOT CHILI PEPPERS,Disponible,,,24/6/2026 4:31pm
VINIL BLINK 182 ENEMA OF THE STATE ,DV00035 ,"$92,00",DISCO,DV00035 - DISCO VINIL BLINK 182 ENEMA OF THE STATE.jpg (https://v5.airtableusercontent.com/v3/u/54/54/1782345600000/8fLX94y5GOkXPSQCs1aqqA/ELWH3Ka-cyXXgfY2978QYcYE_tpu3qcrfEJTRJcFr3QvnalKQ-_S6eyjv_wtE9S99ebTOsrgDIXNFIHEvAzajNqM2yIFRi68uJFB3I7IJZVQYpc6KOHAP169Q-9o9DCagaH5T1tZoomnaaS80VjbN65grptJOXg-gZ3CCQfxf_jfwAKmER3QSsUEgSiGGRO3b_Mp-Cj8HyzsvnXL7mQuCA/YkabV3bk_AiEtIE8DQwOavNfM3ApBa4slTnhQdvLi0I),checked,,BLINK 182 ,Disponible,,,24/6/2026 4:31pm
VINIL NIRVANA NEVER MIND ,DV00036 ,"$89,70",DISCO,DV00036 - DISCO VINIL NIRVANA NEVER MIND.jpg (https://v5.airtableusercontent.com/v3/u/54/54/1782345600000/da-1Gj4xg3-41UlCIW441g/uWSQot3avalMaXypgTx9SCQaSeIZySlh82Q9jpaG9Qx3SNqJJ3F7dF3EzIaugG7ambqnb3bn1vPl03ta2NOOkJbfFT4KILCY3rJqCjaqNZ0URpFk_Wm3uDKyRXya7zJ-55jIn_FhXaCpSQ_m9ajcTNAjmlG4f291TEd1YF-RvNkWygDAGJDazawV2Jc-iqbn/wCKb5sLLuzzbMESR0W2zl90ZHcm2aPiujEj_B2X7Qco),checked,,NIRVANA,Disponible,,,24/6/2026 4:31pm
VINIL AVRIL LAVIGNE LET GO,DV00037 ,"$105,80",DISCO,DV00037 - DISCO VINIL AVRIL LAVIGNE LET GO.jpg (https://v5.airtableusercontent.com/v3/u/54/54/1782345600000/MC7DYBkSj-u6D3zkG1E6oA/dI3BX4DRcPO4nT0152yJ_iJK1dzbfviogWSG3fO24aS9VTJ7XVbvteUHifyPSPk92zLvMRsfkdl8KgYOprauEp2S2GQ6mK3b-i3u_lL-Jwsq1P6HyjN7Vs2GWEjeL2RKjixEeIigKqO8G2-rNnx_gVqMtCj9_PdPFlpLJnQ3Ki7DefM4XY_4HHLRfwLrICpi/FXlqTxgRgl-j0OmXD5ecub2YT4EjaDbkVR0_zFoAegY),checked,,AVRIL LAVIGNE,Disponible,,,24/6/2026 4:31pm
VINIL METALLICA DISCO NEGRO ,DV00038,"$92,00",DISCO,DV00038 - DISCO VINIL METALLICA DISCO NEGRO.jpg (https://v5.airtableusercontent.com/v3/u/54/54/1782345600000/GU1CdTdLmIbqcKMAEomRww/5bzLZrSU9R-hszLm3BcB7Ld3xWH-CHM7DOE7TLpr_z7KYlww6dr8qnNe_ATC1h_ieP1zkl14WsyXDm35GndUF_c9CTM54FjmavH89KagZbx3CcUwNAcacOzpUqU2IQIDtJwm8-1QUKSSHZCXfA2F55idIUZWpXe6NafVc-vEl2P1dgBTd2zpr9RxST9WFbe7/aOEele0KL02BY1PXPVTLwR4Tfd6SUcvOPR4YsoNykLY),checked,,METALLICA,Disponible,,,24/6/2026 4:32pm
VINIL LIMP BIZKIT SIGNIFICANT OTHER ,DV00039,"$98,90",DISCO,DV00039 - DISCO VINIL LIMP BIZKIT SIGNIFICANT OTHER.jpg (https://v5.airtableusercontent.com/v3/u/54/54/1782345600000/5Rd3WNUX3QGhXeRgBxddIg/VLTh4hbWdAgff29gKkjx0BxqTnA6Ms5myTai-_5tPw80GakGMxVRn93cWto6juTC3rEt1ub6jGw7EcvzQK4McY4ZUqlXoLMESkVKFtPi-OySvmDdjMxKwf8gcViZJP8H1Gkxsh0YOPPcyVC0Tt9-5BMeXR0saeR6MH6P9t8UOjuhZv8TgH7Xz5azflNHWonaD7YmKg8HHGjgaVm6YWbC3g/NxqqWt096LpXAcYW5Q-zxpVkeqYlu66FYyk5n-lJBdc),checked,,LIMP BIZKIT,Disponible,,,24/6/2026 4:32pm
VINIL RAWAYANA ASTROPICAL ,DV00040,"$115,00",DISCO,DV00040 - DISCO VINIL RAWAYANA ASTROPICAL.jpg (https://v5.airtableusercontent.com/v3/u/54/54/1782345600000/YqypfR0zR5VZih-gnH1Xog/HKe5xhzDp6t640TzuVofosnMXKHyWdFiIMNSbWq3X6JHj9e5ZQzlLa5a71krZXe9SG1lRBrnm6NrsZcd8z57kw-1GF8KipskmT64Gs1N2cNgIISZMOvOnaJ6JMaPXCp5esLdQGugQ72igvk-h7uI_bRKz7ZFzvRA7HGvSVXHuoR_ulWUj0itUniPkxjTNc53/65-tqHGk_BIaxx3s4hkiqd8valUwga0n_lFLEIANCB8),checked,,RAWAYANA,Disponible,,,24/6/2026 4:32pm
VINIL HARRY STYLES HARRYS HOUSE ,DV00041 ,"$96,60",DISCO,DV00041 - DISCO VINIL HARRY STYLES HARRYS HOUSE.jpg (https://v5.airtableusercontent.com/v3/u/54/54/1782345600000/WvUsobKaQna5GZzVpoRGNQ/j5xRSAR6CWlPSrsLXaPneQQN7mvXI69xOLNSYd4M54SweNlKVYcHt8geRpPNgC3E8fcyP8lqZejPe_WJEJlwDKW4va5FW3VTPDhrlCDCCM5iASOCG_A76NI3RFkoZFZlS-LHXyMMCBkF_1BjUwA_0AbS-2ImwdEGC4sXsZHk1BcP_v3JTLA0lclH6f4mIPlEdC0sVYRYc2nm68k1AcDrog/NgrOUj6OeIIBFU7RjF95Gjee8xJKl6bHr6LPHWn0VLM),checked,,HARRY STYLES,Disponible,,,24/6/2026 4:32pm
VINIL ABBA GOLD GREATEST HITS ,DV00042,"$105,80",DISCO,DV00042 - DISCO VINIL ABBA GOLD GREATEST HITS.jpg (https://v5.airtableusercontent.com/v3/u/54/54/1782345600000/QznfLamwnqME6SNxeV3JbA/OpTMpc8Kwp2TMaNFgSgL4t-6oriY6ya1IXmZPjTZVBs8NBdEd2Ewyf_QL4iknI3FPmb7lQDjo2aEp04QYjcztJGkj8y-uN6vx4Fteqi-thohC--Remi1dvd-On7pCYSjm3aU7auadqc9_ZnqBhMTniDgpA0RD1uPQCF5d19UhB-55gisixfaV5LSdQlTRzRvWw318LsE6jhrlv3d5Dzl1A/fxjP5WmyOOyKq2wNkw3DI9MvWsR7eU4eYhmGzq3C7TQ),checked,, ABBA,Disponible,,,24/6/2026 4:32pm
VINIL SHAKIRA LAS MUJERES NO LLORAN,DV00043 ,"$96,60",DISCO,DV00043 - DISCO VINIL SHAKIRA LAS MUJERES NO LLORAN.webp (https://v5.airtableusercontent.com/v3/u/54/54/1782345600000/krY94g24YGkvlI9ZivUJUA/2zrKN2Qr-YqdVNuu_2xuPRYSVe1SRkqQEA_Qzja7Ed0Vpy8rR-1YVuQ0XRzNV5fP2qyi9HbD11QbYGhPBYKw6ClBNTvhBvcZJUJewBQwrPY6v8cYnI8ZF-3NWPyaYxL-5XxmgftsfNWVcl7Gzb7al-uK9Wtw8QR6jIU7Z0EbOsHVaT2cURi-JrpOrBR1DeUZ179eUSIWSLkmDIy8tzhJFQ/2c3cCBD2RYhbOqbZhzMpYXUzhjKzKGxRNYd_NrmHqQk),checked,,SHAKIRA,Disponible,,,24/6/2026 4:33pm
VINIL MICHAEL JACKSON BAD ,DV00045,"$69,00",DISCO,DV00045 - DISCO VINIL MICHAEL JACKSON BAD.jpg (https://v5.airtableusercontent.com/v3/u/54/54/1782345600000/GqW9q9Vn0XnAeNEK2U9UdA/DGUsJ_dN28WOP0mV2HXVJCRMTmEd-VFTRYuKuKCFnxlt4tgh_vFzuHXgvonfhyRYQp9ofT2LrkOT2H4K3lyH0Uql4nNvAuT-cY7vzdxIOoSH7yy9NL5FfpFn6U8rti8ktuiWUVLHdjwM0vRzCtj0pmRfrBLJYGOLEXmH2EK9WrMD1gXC639oB4X6H04Fh93_/JuICFYqkJgVZeUgLewRGWzdMXokV-0JlqKuEh48FTU4),checked,,MICHAEL JACKSON,Disponible,,,24/6/2026 4:33pm
VITROLA BLANCO ,TD00002,"$161,00",TOCADISCOS,TD00002 - TOCADISCOS VITROLA BLANCO.jpeg (https://v5.airtableusercontent.com/v3/u/54/54/1782345600000/DicnNEcUp3xwSB_h2ZcLUQ/Y5xllrzfmRkxpOJXxEhUFFAOOTHK0EhxJAgtBCzRQW-4Ggw8_FwOQiDkCE8F5CzNJg5RYA6Zs4xiT9gB8KSVQGlPCK-pxEv16mR84u5q-7QJdbGfNjStD29dITVp3swPRifLsVftueGDPfOIg6tEre1vgwEhN0E53nel6YPFFRP2UYzbWzDHtU_ILFQ7mcIx/HS0kxS71OLRWb6IVJHafIs2Rrtq-nBunMUHKXL_LWjM),checked,,VITROLA,Disponible,,,24/6/2026 4:34pm
VITROLA LILA ,TD00003 ,"$161,00",TOCADISCOS,TD00003 - TOCADISCOS VITROLA LILA.jpeg (https://v5.airtableusercontent.com/v3/u/54/54/1782345600000/m5sov4-FBwU5w4nImUu24g/LgwodcTjEjbe5qvgvXH9Ktdthb7vBhn1rPQFOd5w8fWuQwZIfnBYzuWUcgQD5nXdPIhd5wXool-hBmf3Kn_VMkxQuTxUpuAecXDRC8qM4fsYyTH5WZ5kC-tOxp48ROdlEVzvtcOv_hwYlLDrzVWKeq70bOTBkO_MEAQUCVNd7m_e4GpJMdSPSpwU6N0Mbna8/xchVLMhOZqRSl1u03aA9tlFAANp_UOuYcXqvutit9-I),checked,,VITROLA,Disponible,,,24/6/2026 4:34pm
TANLANIN NEGRO ,TD00004,"$161,00",TOCADISCOS,TD00004 - TOCADISCOS TANLANIN NEGRO.jpeg (https://v5.airtableusercontent.com/v3/u/54/54/1782345600000/5Z6Fz8fr-o5nZ6OtafkoUQ/Z9HLphd3d8LFGwBb1Ix_ao2UHFNmByxOOqU7oYmG_83mKmXIsLD6BhZic_6MLdpG8evd2XD-k0n-Jap1dHYyDrMhnaEnBBAOftwPpswdH4UOf2qQ2-7oQra77BSYh-BS67b4UgxnK0sNuoLpmwS53Cir4xpzrYzYyER9mphU6y3mAo6dJdwIAc0la1fSBkMK/y0IiJxzujENSunoPlW9Bxhh1ab3GQUgTSnwXr7ZZnGk),checked,,TANLANIN,Disponible,,,24/6/2026 4:34pm
TANLANIN ROSADO,TD00005 ,"$161,00",TOCADISCOS,TD00005 - TOCADISCOS TANLANIN ROSADO.jpeg (https://v5.airtableusercontent.com/v3/u/54/54/1782345600000/gDEmWKACJ5FbvTyunrSwCg/7Eyd_dVgpaeKyqVm4pFa3KLyaHEQ-DviIZ3ZVlZIpcRZH7GOiHX3tm6C1IaY__sasvE8zmMenZZVqdswcpt9KzbvQqTgnsna0RodRlRsxrq1Ozm7p-MDcQ01T5FuYhvaPXlHjtvum_Q-XkTJxCgKsebG4mmAIUXXfaFefNqJey-IUoZAulMnq46OwcOEchWv/s2aZaYkxs_0DmSEwe8YU9i3ShLqxZs45janJUkZxGrY),checked,,TANLANIN,Disponible,,,24/6/2026 4:35pm